{"pose":[-46.293339914261068,215.55329278681239,998.45810394899831,1.6316557130641638,0.15579923796872028,3.1114878096256762],"error":9.03908362762225E-5,"iterations":12,"residuals":[3.5332972820518687E+6,751088.488569457,202595.04602873526,37121.1338368961,3066.2336961616966,171.16017775950414,11.67194662169808,0.72032469209660532,0.013131055814989847,9.3414234771991978E-5,9.0390848406818656E-5,9.0390836281290223E-5,9.03908362762225E-5]}